Course Code,Prerequisites
*ACCT 623,ACCT 622
*ACCT 624,MGCR 611
*ACCT 625,MGCR 611
ACCT 626,"INSY 660, INSY 662, MGSC 660, MGSC 661"
ACCT 645,
*ACCT 645D1,
*ACCT 645D2,ACCT 645D1
*ACCT 653,
*ACCT 653D1,
*ACCT 653D2,ACCT 653D1
*ACCT 654,
*ACCT 654D1,
*ACCT 654D2,ACCT 654D1
*ACCT 663,
*ACCT 663D1,
*ACCT 663D2,ACCT 663D1
*ACCT 664,
*ACCT 664D1,
*ACCT 664D2,ACCT 664D1
ACCT 683,"ACCT 653, ACCT 654, ACCT 663, ACCT 664"
ACCT 687,"ACCT 653, ACCT 654, ACCT 663, ACCT 664"
*ACCT 689,"ACCT 653, ACCT 654, ACCT 663, ACCT 664"
*ACCT 690,
*ACCT 695,"ACCT 683, ACCT 685, ACCT 687, ACCT 689"
*ACCT 696,"INSY 660, INSY 662, MGSC 660, MGSC 661"
*ACCT 699,"ACCT 683, ACCT 685, ACCT 687, ACCT 689"
ACCT 705,
ACCT 706,
*ACCT 707,
AEBI 120,
AEBI 122,
AEBI 210,
AEBI 211,
AEBI 212,
*AEBI 421,
*AEBI 423,
*AEBI 425,
*AEBI 427,
*AEBI 665,
AECH 110,
AECH 111,"FDSC 110, AECH 110"
AECH 118,
AECH 119,
AEHM 205,
AEHM 330,
AEMA 101,
AEMA 102,
*AEMA 105,
AEMA 202,"BREE 103, AEMA 102"
AEMA 305,AEMA 202
AEMA 310,
AEMA 403,
AEMA 411,AEMA 310
*AEMA 414,AEMA 310
AEMA 610,AEMA 310
AEMA 611,AEMA 310
*AEMA 614,AEMA 310
AEPH 112,
AEPH 113,
AEPH 114,"AEPH 112, AEPH 113, PHYS 101, PHYS 131"
AEPH 115,"AEPH 112, AEPH 113, PHYS 131"
AEPH 120,
AEPH 122,
AERO 401,
AERO 410,AERO 401
AERO 460D1,
AERO 460D2,AERO 460D1
AFRI 200,
AFRI 401,
*AFRI 480,
*AFRI 481,
*AFRI 499,
AFRI 598,
AFYR 101,
AFYR 102,
AGEC 200,
AGEC 201,AGEC 200
AGEC 231,AGEC 200
*AGEC 242,
AGEC 320,AGEC 200
*AGEC 330,AGEC 200
AGEC 332,AGEC 200
AGEC 333,AGEC 200
AGEC 425,"AEMA 310, AGEC 200, AGEC 201"
AGEC 430,AGEC 200
AGEC 442,"AGEC 200, AGEC 201"
*AGEC 450,"AGEC 231, AGEC 330, AGEC 332"
AGEC 491,"AGEC 201, AGEC 320"
AGEC 492,AGEC 201
*AGEC 630,
AGEC 633,
AGEC 642,
AGEC 685,
AGEC 690,
AGEC 691,
AGEC 692,
AGEC 693,
AGEC 694,
AGEC 695,
*AGRI 120,
*AGRI 195,
*AGRI 196,
AGRI 215,
AGRI 310,
*AGRI 325,AGEC 200
AGRI 330,
AGRI 340,
AGRI 401,
AGRI 402,AGRI 401
AGRI 405,
AGRI 406,AGRI 405
AGRI 410,
*AGRI 410D1,
AGRI 410D2,AGRI 410D1
AGRI 411,
AGRI 430,
*AGRI 435,
*AGRI 452,
AGRI 490,
*AGRI 493,
*AGRI 498,
AGRI 499,
AGRI 510,
*AGRI 519,
*AGRI 550,"HISP 218, MATH 203, AEMA 310"
ANAE 301,
ANAT 212,BIOL 200
ANAT 214,"BIOL 112, PHGY 209, PHGY 210"
ANAT 261,BIOL 112
ANAT 262,
ANAT 314,ANAT 214
ANAT 315,
ANAT 316,ANAT 315
ANAT 321,"BIOC 212, BIOL 201, PHGY 209, NSCI 200, PSYC 211"
ANAT 322,PHGY 210
ANAT 323,"ANAT 315, ANAT 316, ANAT 214, ANAT 314"
ANAT 365,"ANAT 261, ANAT 262, PHGY 209"
ANAT 381,"ANAT 261, BIOL 202"
ANAT 396,
ANAT 416,"ANAT 381, BIOL 303"
ANAT 432,BIOL 301
ANAT 432D1,BIOL 301
ANAT 432D2,ANAT 432D1
ANAT 458,"BIOC 212, ANAT 212, BIOL 201, ANAT 262, PHGY 209, BIOL 205, BIOC 312, ANAT 365, BIOC 311"
ANAT 499,"ANAT 262, BIOL 202"
ANAT 514,"ANAT 214, ANAT 314"
ANAT 541,"ANAT 212, BIOC 212, BIOL 201, ANAT 261, ANAT 262"
ANAT 542,
ANAT 565,ANAT 365
ANAT 601,
ANAT 690D1,
ANAT 690D2,ANAT 690D1
ANAT 695,
ANAT 696,ANAT 695
ANAT 697,"ANAT 695, ANAT 696"
ANAT 698,
*ANAT 698D1,
*ANAT 698D2,ANAT 698D1
ANAT 701,
*ANAT 701D1,
*ANAT 701D2,ANAT 701D1
ANSC 234,LSCI 211
ANSC 250,
ANSC 251,
ANSC 301,"AEMA 310, LSCI 204"
ANSC 303,ANSC 250
ANSC 312,"ANSC 250, ANSC 323, PHGY 209"
ANSC 323,"LSCI 202, LSCI 204, ANSC 234"
ANSC 324,"LSCI 211, ANSC 323"
ANSC 326,"AEMA 310, LSCI 204"
ANSC 350,LSCI 230
ANSC 400,LSCI 204
ANSC 420,"LSCI 202, LSCI 230"
ANSC 424,ANSC 323
ANSC 433,"ANSC 234, ANSC 330"
ANSC 451,ANSC 250
ANSC 455,
*ANSC 458,ANSC 250
ANSC 490,
*ANSC 530,
*ANSC 551,ANSC 234
*ANSC 552,ANSC 234
ANSC 555,"ANSC 250, PSYC 301, WILD 421"
ANSC 560,
ANSC 565,
ANSC 600,
ANSC 604,
*ANSC 606,
ANSC 608,
ANSC 611,
*ANSC 611D1,
*ANSC 611D2,ANSC 611D1
*ANSC 622,
ANSC 636,
ANSC 637,
ANSC 643,
ANSC 644,
ANSC 645,
ANSC 646,
ANSC 647,
